,0:00:00,1:00:00,2:00:00,3:00:00,4:00:00,5:00:00,6:00:00,7:00:00,8:00:00,9:00:00,10:00:00,11:00:00,12:00:00,13:00:00,14:00:00,15:00:00,16:00:00,17:00:00,18:00:00,19:00:00,20:00:00,21:00:00,22:00:00,23:00:00
1/1/2020,3179.75,3444.25,2832.0,2307.75,1605.25,1368.0,1614.25,1725.25,2107.0,2513.5,3202.75,3955.5,4381.0,4665.25,5157.25,5138.25,4842.5,4879.75,4813.5,4212.75,3640.75,3153.5,2548.25,2102.5
1/2/2020,1454.5,974.25,779.25,805.0,1272.5,2727.25,4593.0,5052.75,4930.5,4728.75,4794.5,5030.5,4905.75,4750.5,4911.5,5097.5,4907.25,5181.0,4914.5,4263.5,3587.5,3165.5,2824.5,2126.75
1/3/2020,1393.75,988.75,752.5,853.0,1276.5,2581.5,4336.0,5032.75,4446.0,4443.0,4760.75,4866.75,5187.0,5343.0,5558.75,5703.5,5473.25,5299.25,5165.75,4775.75,4342.0,3890.25,3623.25,2944.25
1/4/2020,1909.5,1404.25,1270.5,1112.25,1083.25,1502.25,2232.5,2788.5,3449.25,4257.5,5164.25,5489.0,5794.0,5867.0,5999.5,5900.0,5904.25,5840.5,5460.0,4810.0,4600.5,3912.0,3769.5,3259.5
1/5/2020,2482.0,1743.0,1400.5,1227.0,965.75,1279.25,1814.5,2165.75,2792.75,3747.25,4769.5,5147.25,5490.75,5892.25,5581.0,5790.0,5707.5,5546.0,5522.75,4985.25,4282.0,3288.75,2789.25,2014.25
1/6/2020,1369.5,881.25,630.25,729.75,1404.75,3487.75,5512.25,5815.5,4927.5,5022.25,4719.0,5117.0,5411.25,5493.5,5749.25,5722.5,5614.5,5526.25,5228.0,4829.0,3846.25,3044.25,2801.0,2039.75
1/7/2020,1258.25,847.0,640.75,764.0,1296.75,3058.25,5142.0,5695.5,4965.0,5039.0,4910.25,4937.5,5324.0,5253.75,5525.5,5620.0,5689.0,5195.5,5390.75,4863.5,3923.5,3396.75,2734.25,1959.25
1/8/2020,1284.75,816.0,653.0,732.0,1310.0,3142.75,5271.75,5724.75,5064.0,5201.25,4961.75,4875.25,5279.0,3983.75,5537.5,5742.5,5640.25,5505.25,4970.75,5098.0,4116.25,3470.25,3011.5,2207.5
1/9/2020,1360.25,848.5,678.25,786.0,1293.25,3060.0,5236.75,5912.25,4995.0,5051.5,5106.25,5122.75,5386.75,5604.75,5816.5,5976.5,5736.0,5704.25,5462.25,5227.75,4221.75,3695.5,3308.25,2378.5
1/10/2020,1513.75,1028.75,798.0,862.0,1360.25,2972.75,5110.75,5842.5,5541.0,5258.25,5283.0,5479.75,5710.25,5896.25,6009.75,6325.75,5733.5,5666.0,5687.25,5313.5,4739.5,4273.0,3899.25,3080.75
1/11/2020,2301.25,1659.75,1364.5,1220.75,1111.5,1498.0,2382.25,2989.75,3845.0,4615.0,5003.25,5186.5,5438.25,5493.0,5244.5,5456.5,4949.0,4452.0,3881.0,3604.0,3424.0,3282.75,3176.75,2521.25
1/12/2020,2248.25,1537.5,1230.75,1129.25,930.25,1145.25,1744.5,2160.25,2775.0,3756.5,4760.0,5029.25,5489.25,5871.75,5804.25,5811.5,5526.0,5453.75,5463.5,4815.0,3980.75,3309.75,2756.75,2106.25
1/13/2020,1390.0,883.0,645.5,711.0,1404.5,3271.25,4946.5,5222.75,4816.0,4590.25,4719.25,4968.5,5197.25,5220.75,5322.75,5772.25,5737.0,5529.25,5067.25,4497.5,3675.75,3026.75,2537.75,1815.25
1/14/2020,1339.75,841.25,658.25,690.5,1237.75,3145.25,5391.75,5442.5,4957.0,4845.75,4644.0,4891.75,5051.25,4975.5,4966.25,5310.25,5040.0,4864.5,4774.25,4657.0,4018.75,3307.25,2798.0,2041.75
1/15/2020,1248.5,806.75,675.5,727.0,1231.75,3022.75,5258.25,5155.75,4558.5,4818.0,5097.25,5112.75,5239.5,5556.75,5733.75,5915.25,5903.0,5578.25,5302.0,4744.25,4206.25,3708.75,3086.25,2288.75
1/16/2020,1391.5,896.0,724.0,813.25,1339.5,3199.5,5052.75,5246.25,4988.75,5039.5,5146.0,5185.75,5401.25,5711.5,5807.5,6082.25,5913.75,5476.75,5311.5,5139.0,4510.25,4125.0,3374.25,2479.75
1/17/2020,1677.75,1152.25,906.75,989.0,1441.75,3140.0,5204.5,5852.25,5636.75,5490.5,5411.25,5588.75,5980.0,6021.25,6332.5,6006.25,5424.0,5505.0,5919.25,5568.25,5040.0,4756.5,4186.25,3504.75
1/18/2020,2772.75,1737.25,1449.0,1396.5,1173.5,1519.0,2448.75,3083.5,3875.0,4826.5,5282.5,5561.0,5791.75,5586.25,5562.25,5379.0,5414.0,5426.5,4863.0,4587.75,4026.75,3773.75,3552.25,3129.25
1/19/2020,2506.75,1911.75,1502.25,1351.25,1062.0,1145.75,1703.75,2086.25,2741.25,3625.75,4515.5,4859.0,5427.75,5774.75,5760.25,5540.5,5409.75,5066.5,5180.0,4278.0,4052.25,3539.75,3116.75,2362.75
1/20/2020,1716.75,1130.25,884.25,909.0,1283.25,2670.0,4290.75,4345.0,4238.75,4456.5,4852.0,5284.0,5500.25,5600.0,5715.5,5449.5,5644.0,5439.75,5273.25,4706.25,3966.0,3408.25,2784.5,1980.5
1/21/2020,1296.5,849.25,630.25,726.0,1383.0,3191.25,5096.25,5830.25,5302.75,5164.5,5029.25,4823.5,5305.25,5474.0,5642.75,5620.25,5734.75,5412.0,5138.75,4590.25,3912.5,3486.5,2597.5,1972.5
1/22/2020,1208.0,786.25,640.25,738.5,1274.5,3145.75,5279.5,5685.25,5010.0,5083.75,5064.25,5234.25,5221.0,5522.0,5557.25,5988.5,5648.0,5682.5,5476.5,5199.25,4187.75,3571.75,2919.0,2118.75
1/23/2020,1339.75,865.0,686.75,769.0,1309.0,3136.5,5108.75,5831.0,5513.25,5144.75,4970.5,5177.25,5363.0,5475.0,5614.25,5925.25,5498.25,5615.5,5327.75,5248.5,4293.5,3876.75,3140.0,2252.5
1/24/2020,1472.75,976.5,748.25,807.25,1282.25,2894.0,4804.25,5500.0,5779.5,5490.0,5097.25,5315.0,5667.25,5593.75,5713.75,5840.0,5866.25,5557.0,5648.25,5471.25,4888.5,4507.75,4016.75,3290.25
1/25/2020,2456.5,1775.25,1397.25,1240.25,1122.0,1504.25,2461.25,3199.25,4244.25,4792.25,5278.25,5631.0,6012.0,6107.25,6135.5,6054.5,5784.25,5603.75,5538.5,5084.5,4725.5,4337.0,3889.25,3410.0
1/26/2020,2666.5,1976.5,1629.5,1353.5,1031.0,1166.5,1659.5,2054.0,2721.75,3760.0,4597.75,5122.5,5616.0,5953.5,5950.25,5859.5,5649.75,5557.25,5402.0,4782.0,3954.75,3284.0,2655.25,2013.5
1/27/2020,1308.75,860.75,627.75,698.5,1447.5,3544.0,5598.25,5909.75,5363.25,5349.0,5112.0,5150.25,5171.25,5554.25,5349.75,5994.5,5876.5,5505.75,5305.25,4781.75,3812.75,3219.25,2653.75,1941.75
1/28/2020,1258.25,785.0,644.25,701.0,1256.25,3164.5,5193.25,5241.25,5068.25,5021.75,5087.25,5003.0,5254.0,5275.25,5494.25,5711.5,5693.5,5551.75,5437.75,4885.5,4100.75,3399.5,2813.5,2078.0
1/29/2020,1265.5,822.75,666.5,753.0,1290.5,3236.75,5353.5,5821.75,5354.5,5153.5,5230.5,5190.5,5463.75,5525.25,5631.75,5873.25,5954.75,5520.75,5155.25,4960.5,4163.5,3588.0,2910.0,2156.5
1/30/2020,1307.0,885.75,695.5,777.0,1308.5,3146.5,5488.5,5853.5,5313.5,5324.75,5186.75,5340.0,5572.0,5601.75,5640.25,5929.5,5446.0,5504.25,5686.0,5221.25,4295.0,4101.25,3259.0,2429.25
1/31/2020,1595.25,1027.75,831.75,903.0,1354.5,3033.25,5055.5,5753.25,5392.25,5047.25,5316.0,5370.25,5461.5,5840.25,5854.75,6077.25,5812.75,5703.5,5693.75,5459.0,4745.75,4482.0,3927.25,3260.75
2/1/2020,2428.25,1699.25,1342.5,1246.75,1085.0,1519.0,2437.25,3181.25,3935.25,4744.25,5373.25,5717.5,5925.75,5794.75,5788.5,5890.25,5807.0,5530.75,5305.5,4999.5,4629.5,4163.25,3759.25,3294.5
2/2/2020,2576.0,1768.0,1468.25,1300.75,940.5,1190.75,1818.75,2165.25,2768.0,3752.25,4685.0,4948.0,5335.25,5816.75,5709.75,4828.25,5486.5,5885.75,5458.25,3883.75,3281.25,2936.75,3855.0,3167.0
2/3/2020,1679.25,952.0,663.0,742.5,1428.75,3397.25,5635.5,5977.25,5301.5,5289.5,5197.25,5215.5,5271.75,5337.0,5479.25,5646.5,5780.0,5546.25,5686.75,4781.5,3710.75,3367.0,2778.75,1902.5
2/4/2020,1227.5,838.75,642.5,703.25,1297.5,3283.0,5464.5,5789.25,5365.25,5378.5,5118.0,5152.75,4939.5,5208.25,5676.25,5552.5,5851.25,5399.5,5051.75,4802.0,4014.25,2953.5,2892.75,2025.25
2/5/2020,1223.0,795.0,651.75,737.0,1293.5,3121.75,5404.0,5452.5,5003.25,5260.25,5283.25,5157.5,5446.0,5528.0,5662.5,5818.5,6027.25,5251.0,4800.25,4601.75,3870.75,3392.5,2609.5,1900.5
2/6/2020,1243.25,820.75,649.75,707.75,1260.5,2654.0,4612.5,5029.25,5091.25,4571.25,4303.0,4383.5,4543.75,4708.0,5014.5,4957.0,5119.25,4802.5,4779.5,4441.25,3926.75,3550.75,2975.25,2309.5
2/7/2020,1544.5,1100.75,835.75,872.25,1377.0,3038.0,5116.0,5700.0,5494.0,5415.0,5496.75,5580.5,5686.25,5992.75,5892.75,5938.5,5855.5,5494.0,5852.25,5500.25,4977.5,4340.75,3768.75,2935.0
2/8/2020,2398.5,1684.0,1358.5,1309.0,1144.75,1518.0,2417.5,3228.0,3964.75,4523.25,4675.5,4827.25,5009.75,5481.25,5589.75,5523.75,5362.25,5320.5,5182.75,4515.25,4255.5,3805.25,3670.75,3090.5
2/9/2020,2351.0,1750.25,1458.25,1338.0,924.25,1122.5,1705.5,2077.75,2643.25,3642.0,4617.25,5098.75,5485.5,5637.75,5349.0,6072.0,5892.0,5923.0,5631.0,4697.0,4385.5,3488.5,2848.75,2103.5
2/10/2020,1482.75,929.75,661.75,739.25,1473.5,3602.0,5574.25,5718.75,5386.5,5430.25,5143.25,5029.5,4988.75,5118.25,5144.75,5510.0,4738.5,4402.75,4176.0,3982.75,3697.0,3015.0,2526.75,1835.5
2/11/2020,1141.75,747.75,602.75,697.5,1264.75,3132.75,4781.5,5281.0,5284.25,5113.25,4819.75,4676.25,5220.5,5271.5,5391.5,5461.5,5866.5,5109.5,4945.75,4416.5,3772.5,3393.0,2670.0,2023.25
2/12/2020,1275.5,811.25,647.75,772.25,1301.75,3242.5,5413.25,5677.5,5257.0,5489.25,5175.0,5154.75,5413.75,5445.25,5769.0,5852.25,5872.5,5598.0,5657.5,5060.75,4384.75,3927.25,3196.25,2315.25
2/13/2020,1475.75,930.25,727.25,800.75,1344.5,3270.25,4498.75,4991.0,4729.25,4833.0,4976.25,5237.5,5476.75,5686.5,5546.5,6211.25,5932.5,5552.75,5524.5,5136.25,4795.25,4320.5,3733.25,2828.0
2/14/2020,1830.5,1186.25,924.0,960.5,1457.5,3143.75,5252.0,5866.0,5573.25,5415.0,5501.5,5631.75,5504.0,5060.5,5398.5,6061.0,5754.75,5571.75,5815.25,5651.5,4972.75,4790.75,4265.0,3843.5
2/15/2020,2728.25,1915.75,1446.0,1162.5,1079.5,1699.25,2826.0,3384.0,4296.5,5035.25,5205.75,5635.25,5826.75,5894.25,6005.0,5894.0,5667.5,5730.75,5503.25,5280.75,4785.75,4527.0,4089.0,3533.75
2/16/2020,2718.75,1977.0,1533.75,1412.25,982.0,1161.5,1785.75,2188.0,2742.0,3568.25,4307.75,4995.25,5416.0,5889.25,5707.0,5724.25,5362.0,5478.5,5226.5,4815.75,4064.0,3451.75,2873.75,2103.25
2/17/2020,1560.5,969.25,735.5,760.5,1291.25,2981.0,4897.75,4926.0,5269.25,5103.5,5267.0,5440.25,5591.0,5530.0,5905.5,5946.25,5752.75,5793.5,5533.25,4802.0,4060.0,3512.5,2858.0,2042.75
2/18/2020,1325.0,882.5,698.25,747.5,1366.0,3345.5,5124.25,5490.0,5174.25,4948.0,4804.25,4958.5,4938.0,5263.5,5178.75,5397.25,5181.75,4804.0,4475.5,4465.0,3861.0,3261.25,2696.75,2024.5
2/19/2020,1078.0,820.75,660.5,724.5,1289.25,3219.0,5213.75,5390.0,5314.0,5179.25,5288.0,5235.5,5358.0,5621.0,5609.5,5869.5,5680.25,5469.0,4762.5,4710.75,4282.5,3721.25,3027.0,2240.0
2/20/2020,1431.25,915.25,722.75,793.25,1311.0,2847.75,4764.25,5306.0,5040.0,4867.5,4767.0,4754.75,4918.5,5017.5,5149.0,5430.75,5285.75,4881.75,5179.25,4603.5,4519.5,3868.5,3287.0,2622.75
2/21/2020,1611.75,1016.5,841.0,888.75,1405.0,3023.25,5073.0,6005.25,5696.75,5439.25,5500.25,5510.75,5744.0,5914.25,5990.5,5852.25,5490.25,5546.0,5839.75,5508.5,5152.5,4702.0,4129.75,3255.5
2/22/2020,2476.75,1723.75,1384.5,1341.25,1142.25,1557.25,2545.5,3481.75,4321.5,5146.75,5381.0,5631.5,5795.75,5964.75,4912.75,5665.75,5836.5,5775.75,5400.25,5428.0,4804.75,4846.75,4408.25,3544.0
2/23/2020,2658.75,2473.5,1753.25,1516.5,1029.0,1183.25,1813.5,2358.75,3023.0,4000.0,4924.5,5358.25,5877.0,6061.5,6239.25,6017.75,5818.75,5809.25,5359.75,4976.75,4264.0,3463.0,2877.0,2144.0
2/24/2020,1426.75,902.25,640.0,757.25,1496.25,3458.75,5245.25,5618.75,4966.0,5002.0,4522.0,4817.5,4846.0,4725.0,5195.0,5242.75,4719.25,4484.5,4541.0,4188.75,3732.75,3112.25,2575.25,1849.25
2/25/2020,1206.5,799.0,648.5,699.75,1270.0,3285.75,5117.75,5167.5,4684.25,4844.25,5008.0,4999.5,5352.0,5428.5,5608.0,5866.25,5756.25,5653.75,5470.25,4703.0,4292.0,3768.0,3091.0,2213.25
2/26/2020,1343.25,880.75,675.5,790.75,1331.25,3295.0,5461.25,5905.75,5592.75,5428.5,5212.75,5318.5,5346.0,5633.75,5610.25,5719.25,5466.25,5460.25,5508.0,5209.75,4564.75,3868.75,3218.75,2268.25
2/27/2020,1473.0,920.75,717.5,768.5,1399.5,3304.75,5419.25,6012.25,5306.75,5442.75,5259.75,5333.5,5574.25,5669.25,5788.25,5815.0,5236.5,5022.5,5251.75,5396.75,4789.25,4333.25,3610.0,2687.25
2/28/2020,1773.25,1159.25,935.25,918.25,1469.75,3157.75,5249.5,6119.25,5729.0,5476.5,5076.25,5327.25,5907.25,5746.5,5881.75,6118.5,6150.5,5711.0,6027.0,5757.75,5054.5,4736.0,4362.0,3666.25
2/29/2020,2613.75,1779.0,1470.5,1350.5,1256.5,1687.5,2670.5,3726.75,4533.5,5231.25,5428.25,5251.25,5058.75,5181.75,5282.25,5376.5,5511.75,5583.0,5623.5,5324.0,4936.75,4537.25,4485.75,3732.0
3/1/2020,2847.75,2024.5,1672.0,1509.25,1183.5,1405.25,1994.75,2541.5,3299.75,4326.75,5252.25,5492.5,5494.5,6081.75,6155.5,5999.5,5791.5,5661.5,5689.25,5202.5,4523.25,3538.25,2662.0,2249.0
3/2/2020,1498.25,955.25,701.0,815.25,1529.0,3563.75,5656.25,6221.0,5583.5,5395.5,5093.0,5023.75,4681.75,5067.25,5004.5,5144.0,5063.75,4662.5,4622.75,4497.75,3676.25,3145.25,2674.25,1957.25
3/3/2020,1222.0,760.5,671.0,742.25,1319.25,3220.75,5373.0,5685.75,4573.25,4816.5,4755.5,5030.5,5229.25,5436.75,5636.75,5640.75,5827.25,5676.5,5485.5,4773.5,4124.0,3535.75,2890.5,2169.0
3/4/2020,1376.5,880.5,702.75,791.75,1321.25,3131.5,4966.5,5392.25,5009.25,5025.25,4776.0,4928.0,5119.5,4770.5,5121.75,5432.25,5135.25,5234.25,4788.25,4568.0,3959.75,3466.75,2873.5,2139.5
3/5/2020,1345.75,909.25,705.5,807.0,1284.25,3110.25,4919.75,5324.75,5136.5,5176.0,4769.75,4370.5,4926.5,5119.25,5361.25,5383.25,5631.25,5238.0,5219.0,5015.75,4492.25,4030.25,3393.25,2525.25
3/6/2020,1609.0,1091.5,886.0,1000.0,1425.75,3208.5,5274.0,6119.25,5735.0,5417.5,5435.5,5450.0,5516.0,5982.75,5920.5,6068.75,5439.25,4738.0,5544.25,5414.5,4955.5,4831.0,4286.75,3680.75
3/7/2020,2736.75,1807.5,1509.75,1398.5,1254.0,1748.75,2735.25,3816.5,4479.25,5276.0,5577.5,5683.5,5927.0,6046.25,6132.0,5815.75,5908.25,5726.5,5724.75,5626.75,5204.0,4774.25,4066.75,3756.25
3/8/2020,3454.0,2377.0,186.66666666666666,2271.3333333333335,2097.6666666666665,1786.6666666666667,2290.6666666666665,2607.3333333333335,3185.3333333333335,4475.0,5637.333333333333,6015.666666666667,6819.0,6877.333333333333,7173.666666666667,6945.0,7003.666666666667,6977.666666666667,6872.333333333333,6860.333333333333,6072.0,4753.333333333333,4148.333333333333,2974.6666666666665
3/9/2020,1734.25,1077.25,805.25,837.25,1491.5,3382.25,5166.5,5811.75,5387.5,5180.25,4965.5,5172.75,5320.0,5612.25,5650.5,5812.5,5642.0,5135.5,5479.25,4938.0,4225.5,3564.0,2946.5,2242.75
3/10/2020,1415.75,935.0,739.75,815.0,1337.0,3108.75,5130.0,5349.75,4942.75,5037.25,4937.75,4779.75,5000.75,5239.25,5660.25,5856.0,5790.0,5675.25,5461.5,4775.25,4273.25,3725.25,3055.25,2260.25
3/11/2020,1386.5,908.75,730.5,834.5,1314.75,3111.25,5277.0,5397.5,5206.0,4995.5,5050.5,5185.5,5397.5,5601.0,5712.5,5468.75,4815.75,5097.5,5162.75,5026.0,4474.25,3764.75,3048.75,2370.0
3/12/2020,1525.25,969.75,779.5,820.5,1316.75,3057.5,5086.75,5268.75,5048.0,4854.75,5176.75,5231.0,5262.75,5614.25,5664.0,5878.75,5932.5,5456.75,5127.5,5259.0,4713.0,4148.75,3565.75,2650.75
3/13/2020,1794.75,1190.5,945.75,949.0,1407.0,2904.25,4806.5,5640.0,5135.25,5073.5,4474.75,4726.75,5621.25,5896.5,5916.5,6027.25,5530.75,5934.5,5874.25,5358.0,4750.75,4290.5,3791.25,3112.0
3/14/2020,2439.5,1697.75,1428.5,1299.0,1152.25,1488.0,2311.0,2789.0,3398.25,4126.75,4633.0,5075.75,5442.5,5674.0,5719.5,5852.5,5699.75,5632.75,5341.25,5089.75,4867.75,4377.5,3891.0,3314.0
3/15/2020,2608.0,1831.0,1527.75,1352.75,995.0,1126.5,1513.75,1709.5,2058.75,2915.75,3726.75,4360.0,4757.25,5202.25,5282.0,5055.5,4846.0,4714.5,4827.75,3336.5,2775.25,2639.0,2615.5,2143.25
3/16/2020,1515.75,942.5,755.5,744.5,1212.0,2679.25,4399.5,4816.25,4573.0,4254.75,4355.0,4585.0,4855.75,5190.0,5303.25,5368.75,5174.5,5555.0,4815.75,3991.5,3385.25,2759.5,2236.5,1773.5
3/17/2020,1188.5,782.75,625.75,658.0,1050.25,2389.25,4118.75,4285.75,4179.5,4039.75,4058.0,4216.25,4515.0,4729.0,4913.75,5275.75,5276.5,5264.75,4601.25,3824.0,3322.75,2700.25,2326.75,1759.0
3/18/2020,1178.5,772.5,636.25,661.25,1041.5,2269.25,3886.5,4167.5,4073.0,3851.25,3874.25,4187.75,4413.5,4797.25,5010.25,5167.5,5307.75,5176.0,4477.25,3753.75,3147.5,2539.0,2124.75,1657.75
3/19/2020,1099.75,727.0,589.75,619.75,1010.0,2180.5,3696.25,4005.5,3990.75,3694.75,3847.0,3988.5,4417.25,4651.5,5147.5,5229.25,5259.75,5205.25,4613.75,3853.25,3273.25,2535.0,2207.5,1699.25
3/20/2020,1178.75,821.0,673.0,712.0,1005.25,2036.75,3436.5,3841.0,3819.5,3788.5,3957.5,4238.5,4819.25,5049.25,5316.25,5297.5,5392.5,5191.0,4644.25,3967.25,3541.75,2836.0,2367.25,1859.25
3/21/2020,1280.75,879.25,665.0,592.0,670.0,962.0,1586.75,1912.0,2369.0,2755.75,3287.25,3547.0,4186.25,4366.25,4512.25,4506.5,4289.25,4048.0,3831.5,3465.5,3165.25,2569.5,2181.5,1701.25
3/22/2020,1277.75,888.0,678.25,521.75,461.5,669.75,1033.0,1114.0,1307.0,1733.5,2200.5,2746.75,3243.0,3497.0,3634.75,3592.75,3240.5,3168.0,3016.25,2710.5,2362.5,1985.5,1605.75,1216.75
3/23/2020,817.75,556.25,447.75,485.75,871.25,1984.75,3305.25,3383.0,3286.5,3062.75,2957.5,3067.25,3267.0,3807.0,4024.75,4183.0,3948.75,3778.5,3450.25,2648.5,2053.75,1692.5,1487.0,1186.75
3/24/2020,756.75,520.0,435.75,507.25,732.75,1856.5,3089.75,3291.75,3168.5,3086.0,3006.25,2865.5,3088.25,3532.5,3861.0,4172.75,4141.5,3999.5,3374.0,2800.5,2384.25,1859.25,1546.75,1174.0
3/25/2020,741.25,480.25,402.25,490.5,814.0,1883.75,3257.75,3418.75,3266.75,3068.0,3022.75,3291.25,3595.5,3881.25,4119.5,4400.5,4355.5,4364.75,3646.75,3084.25,2587.25,2026.25,1636.75,1237.25
3/26/2020,798.75,514.75,426.0,485.0,817.0,1849.25,3192.75,3443.5,3317.25,3021.75,3082.5,3272.5,3610.0,3843.0,4166.75,4487.75,4411.0,4344.25,3687.0,3074.0,2607.5,2115.25,1715.5,1325.0
3/27/2020,833.25,567.75,473.25,504.75,795.25,1698.0,3003.75,3343.0,3274.5,3140.75,3242.0,3544.5,4053.25,4315.5,4556.0,4707.5,4650.75,4545.75,4097.5,3460.0,3024.75,2343.25,1931.25,1509.0
3/28/2020,1008.25,659.0,500.25,434.75,512.25,879.25,1498.75,1724.25,1974.75,2305.5,2688.25,3108.75,3629.25,3803.25,4006.5,3951.0,3747.5,3482.0,3273.5,3037.0,2724.5,2165.75,1721.5,1339.5
3/29/2020,925.5,661.25,457.5,345.5,358.0,571.5,906.0,982.25,1136.75,1455.75,1867.75,2255.75,2646.5,3017.75,3136.5,3182.25,3028.25,2928.5,2776.25,2558.5,2361.25,1890.0,1554.75,1117.0
3/30/2020,715.5,503.0,391.0,431.0,775.75,1822.25,3148.0,3320.5,3118.0,2872.0,2953.0,3106.25,3407.25,3761.5,3984.0,4217.75,4166.25,4041.25,3516.75,2913.0,2280.0,1766.5,1458.25,1089.75
3/31/2020,706.5,491.25,413.25,454.0,770.5,1713.25,2980.5,3129.5,3019.5,2813.75,2911.75,3018.25,3173.0,3325.5,3781.25,3900.75,3925.75,3930.25,3152.75,2516.75,2046.75,1602.25,1394.5,1058.0
4/1/2020,640.0,453.0,408.25,445.25,764.75,1747.5,3025.75,3355.75,3216.75,2908.5,3058.5,3217.75,3561.25,3817.0,4133.5,4404.0,4331.5,4334.25,3668.25,2992.0,2440.0,1885.25,1454.75,1103.25
4/2/2020,679.5,473.75,407.75,455.75,790.0,1764.75,3003.75,3286.0,3267.5,3000.0,3038.0,3360.75,3667.5,3976.75,4276.0,4479.0,4520.25,4451.75,3834.25,3085.25,2562.75,1997.5,1512.0,1115.0
4/3/2020,668.75,462.75,384.25,422.75,717.0,1568.75,2817.25,3092.0,3116.0,2880.5,3115.5,3374.5,3848.5,4189.75,4544.75,4684.25,4997.75,4696.75,3526.25,2625.5,2095.5,1536.5,1242.0,919.0
4/4/2020,588.0,399.0,290.0,310.75,407.25,723.25,1258.75,1421.0,1573.0,1783.5,2181.0,2503.0,2889.5,3086.0,3235.25,3257.25,3026.5,2860.25,2577.75,2187.75,1850.5,1408.5,1141.0,836.25
4/5/2020,547.75,372.25,249.5,225.75,266.25,493.75,829.0,896.75,974.25,1231.75,1481.5,1905.25,2256.0,2544.25,2832.5,2865.5,2700.75,2627.25,2422.0,2126.25,1819.5,1407.75,1117.75,845.25
4/6/2020,517.25,354.5,290.75,364.75,692.5,1637.25,2900.75,3094.5,2883.75,2657.25,2706.0,2856.5,3132.75,3463.25,3704.75,3976.75,3954.75,3938.25,3163.5,2402.25,1930.75,1429.25,1189.25,940.0
4/7/2020,570.5,395.75,335.0,398.5,721.5,1631.75,2938.5,3130.5,2889.75,2647.5,2674.5,2905.25,3148.25,3426.0,3790.75,4057.5,4047.5,4029.0,3011.0,2307.5,1874.25,1441.25,1221.75,918.0
4/8/2020,565.25,393.25,345.5,392.75,700.75,1626.5,2888.25,3169.75,2954.5,2710.25,2676.0,2925.0,3094.75,3551.0,3834.75,4091.5,4063.75,3953.0,3311.0,2572.25,2103.5,1540.25,1280.0,1005.25
4/9/2020,608.0,435.75,385.5,410.0,695.25,1554.75,2799.25,3116.0,2972.25,2751.25,2811.5,3032.5,3359.75,3678.75,4044.25,4188.25,4184.25,4128.75,3536.75,2770.25,2304.25,1761.75,1393.75,1076.25
4/10/2020,649.0,439.0,386.75,417.5,657.0,1410.25,2611.75,2879.5,2870.75,2797.0,3007.0,3384.75,3826.5,4126.5,4418.75,4576.0,4471.5,4205.25,3686.5,3125.75,2534.25,1954.75,1556.75,1163.25
4/11/2020,746.0,502.5,364.75,337.5,407.25,688.75,1188.75,1520.75,1681.75,2046.0,2446.0,2864.0,3339.0,3640.75,3781.5,3822.0,3598.0,3372.25,3175.0,2798.25,2441.75,1991.0,1547.0,1200.5
4/12/2020,748.0,488.75,351.75,264.75,279.75,452.25,761.0,810.75,851.0,1114.25,1397.0,1774.0,2145.25,2400.75,2614.25,2452.25,2275.75,2166.75,2083.0,1954.25,1659.5,1386.5,1112.0,838.25
4/13/2020,517.0,349.0,281.0,350.0,640.75,1575.5,2825.5,3079.75,2976.25,2765.5,2822.75,3026.75,3370.5,3678.0,4059.5,4201.75,4204.0,4173.75,3401.75,2692.25,2256.0,1776.5,1445.75,1097.25
4/14/2020,667.0,469.75,403.75,424.5,736.5,1657.25,2517.75,2850.75,2485.0,2949.0,2868.5,3081.25,3413.0,3694.0,4108.0,4262.25,4330.5,4249.25,3471.25,2856.25,2351.5,1791.5,1446.75,1093.25
4/15/2020,691.75,446.5,404.0,430.25,713.5,1634.75,2946.0,3353.5,3161.0,2945.0,3005.25,3228.0,3623.25,3962.25,4282.75,4551.5,4578.0,4549.5,3832.5,3014.25,2486.75,1863.0,1557.25,1165.5
4/16/2020,726.5,509.25,402.25,423.25,708.25,1543.5,3054.25,3292.75,3181.0,2955.0,3081.25,3317.25,3676.0,3976.75,4359.5,4609.5,4606.5,4533.25,3791.5,3057.0,2531.5,1971.75,1621.5,1206.75
4/17/2020,771.25,512.25,419.25,460.25,701.25,1551.75,2845.75,3095.25,3040.5,3125.25,3213.25,3628.25,4080.75,4512.5,4696.25,5019.5,4895.0,4711.25,4207.75,3553.0,2996.0,2408.25,1883.0,1456.25
4/18/2020,965.5,668.25,458.5,405.25,462.25,731.75,1343.0,1576.5,1807.25,2207.25,2682.25,3225.25,3717.25,3948.75,4267.25,4173.0,3994.5,3672.25,3598.75,3164.25,2757.0,2275.0,1870.25,1441.0
4/19/2020,936.0,585.5,440.25,353.0,334.5,513.75,889.75,935.5,1010.5,1168.0,1340.5,1704.75,2056.25,2422.0,2753.5,2774.75,2739.75,2668.25,2548.0,2106.75,1712.0,1367.5,1129.5,863.0
4/20/2020,557.5,389.0,317.75,394.25,688.0,1513.75,2542.75,2786.25,2907.75,2805.5,3002.25,3237.25,3665.25,3988.75,4274.25,4580.5,4612.5,4391.75,3697.75,2995.75,2545.25,2011.0,1654.25,1285.25
4/21/2020,831.25,569.75,463.0,459.75,753.0,1704.25,3055.5,3423.25,3209.5,3008.25,3056.5,3269.5,3615.0,3939.75,4234.75,4552.5,4665.5,4622.5,3734.75,2921.5,2442.5,1954.5,1564.5,1191.5
4/22/2020,754.0,523.75,436.5,451.75,751.25,1687.75,3066.75,3490.0,3292.5,3071.25,3240.5,3312.5,3806.5,4162.75,4446.5,4702.0,4781.5,4584.0,3888.5,3133.0,2473.0,1954.25,1603.5,1237.5
4/23/2020,782.5,498.0,415.75,451.5,713.75,1593.5,2702.0,2936.25,2776.5,2628.25,2646.25,2861.0,3249.25,3635.75,3976.75,4317.5,4222.0,4116.0,3449.75,2721.0,2103.5,1693.0,1490.25,1162.0
4/24/2020,757.0,530.25,437.0,474.75,717.75,1574.75,2913.0,3334.0,3316.25,3209.25,3487.0,3871.5,4322.25,4661.5,4926.25,5224.5,5045.0,4803.25,4499.5,3641.75,3152.75,2525.25,2072.25,1614.0
4/25/2020,1068.0,744.0,562.25,474.5,526.25,813.0,1455.0,1751.75,1981.5,2415.0,2982.0,3426.25,3910.25,4312.25,4596.25,4581.0,4326.25,4057.0,3781.75,3374.0,2945.5,2619.25,2189.25,1618.5
4/26/2020,1237.0,779.5,548.0,440.25,387.0,580.25,932.5,1083.75,1188.75,1598.25,2085.25,2597.25,3116.0,3615.5,3799.75,3946.25,3798.25,3488.75,3468.0,2961.75,2481.0,2022.5,1651.0,1218.75
4/27/2020,787.75,569.0,432.5,452.5,780.5,1716.25,3233.75,3467.0,3332.5,3138.0,3210.5,3460.75,3795.25,4091.25,4526.5,4758.75,4702.75,4693.75,3989.25,3181.0,2640.0,2107.25,1738.5,1261.0
4/28/2020,814.25,550.75,452.75,489.0,775.0,1732.25,3181.25,3552.5,3427.75,3248.0,3319.0,3483.75,3912.75,4176.0,4479.0,4801.25,4790.25,4850.5,4069.25,3237.0,2658.0,2188.75,1789.75,1301.0
4/29/2020,854.75,593.25,485.25,491.75,771.25,1721.25,3299.0,3558.0,3435.75,3255.25,3400.0,3652.5,3997.25,4460.25,4585.5,4513.5,3593.25,4206.75,3457.25,2734.0,2082.5,1808.25,1649.0,1250.75
4/30/2020,765.75,539.75,455.5,486.5,757.0,1732.75,3236.25,3564.5,3556.25,3384.0,3539.25,3772.0,4141.25,4468.25,4828.75,5123.5,5025.75,4953.25,4466.5,3519.0,2826.75,2358.75,1984.25,1479.25
5/1/2020,952.5,688.25,546.5,551.5,807.25,1671.75,3162.75,3586.75,3485.5,3704.5,3725.5,4320.75,4876.75,5248.5,5280.25,5487.5,5211.75,5294.0,4904.75,4280.0,3655.75,3075.0,2551.25,1990.75
5/2/2020,1300.25,924.0,656.75,560.75,573.5,872.25,1543.25,1981.0,2368.5,2899.75,3601.75,4098.75,4913.25,5137.0,5155.25,5099.0,4803.75,4615.25,3987.5,3789.25,3527.25,3020.25,2606.5,2028.25
5/3/2020,1445.5,986.5,670.25,476.75,445.75,617.75,1030.0,1187.25,1446.75,1904.0,2495.25,3157.75,3665.5,4035.5,4391.75,4419.5,4205.5,4213.0,3992.5,3447.0,3119.25,2595.25,2065.25,1570.25
5/4/2020,988.5,690.75,517.75,502.0,797.0,1820.25,3305.25,3665.0,3497.0,3373.25,3565.75,3789.5,4178.5,4499.5,4878.75,5065.75,5029.75,4991.0,4140.25,3429.25,2836.75,2249.5,1904.5,1428.5
5/5/2020,901.25,626.5,499.0,507.0,845.5,1801.75,3374.0,3713.5,3658.0,3555.25,3645.25,3720.75,3972.75,4298.25,4721.25,5140.75,5138.0,4834.25,4233.25,3522.0,2861.0,2399.5,2123.75,1667.0
5/6/2020,1126.75,784.0,623.75,567.0,827.25,1834.5,3456.0,3822.25,3697.75,3609.75,3607.25,3835.0,4273.25,4637.5,4922.25,5092.75,5114.75,5320.25,4561.0,3595.0,2910.5,2284.5,1986.75,1464.25
5/7/2020,955.5,640.0,533.75,520.75,789.25,1756.25,3416.5,3755.5,3673.0,3610.5,3716.0,4002.25,4452.0,4834.0,5173.5,5370.0,5392.0,5343.25,4736.5,3904.75,3148.75,2640.75,2160.0,1613.5
5/8/2020,1029.25,708.75,603.75,554.75,821.75,1701.75,3194.0,3633.25,3595.5,3619.0,4016.25,4554.25,5037.0,5110.25,4714.75,5255.0,5348.75,5318.5,4469.25,3429.25,3011.25,2562.0,2059.75,1492.0
5/9/2020,1173.0,856.75,645.5,554.25,567.25,899.75,1593.5,2025.0,2453.25,3090.25,3656.25,4346.0,4905.75,5273.0,5479.25,5366.0,5257.25,5040.25,4751.5,4301.25,3722.0,3191.0,2609.25,2092.75
5/10/2020,1518.75,1100.5,732.5,511.25,450.25,626.75,995.25,1200.0,1505.75,2073.25,2897.5,3623.25,4179.25,4703.75,4816.5,4981.0,4761.25,4535.0,4267.5,3873.0,3584.75,3221.25,2547.25,1804.5
5/11/2020,1109.0,692.5,513.5,494.25,787.25,1824.75,3386.5,3749.25,3620.5,3508.75,3709.0,3937.5,4342.0,4646.25,5019.0,5161.0,5195.5,5080.75,4262.0,3658.0,3013.0,2457.25,2011.0,1479.75
5/12/2020,917.0,675.5,518.25,525.0,798.0,1772.25,3460.5,3854.25,3718.0,3562.5,3654.75,3887.75,4350.5,4608.25,5107.5,5222.5,5079.5,5357.25,4531.25,3667.25,3062.5,2502.5,2089.75,1569.0
5/13/2020,994.25,684.25,495.0,511.0,826.75,1790.5,3448.75,3873.25,3789.25,3675.75,3727.25,3965.75,4403.5,4865.5,5187.5,5198.5,5455.0,5401.5,4659.5,3763.25,3149.0,2642.75,2199.75,1611.75
5/14/2020,1026.25,757.5,588.5,560.25,832.75,1867.5,3445.0,3978.75,3941.5,3656.5,3942.0,4212.75,4590.5,4952.0,5281.25,5339.25,5364.5,5581.0,4809.25,4071.0,3331.5,2835.0,2378.25,1723.0
5/15/2020,1181.0,792.5,614.25,605.5,857.75,1763.0,3376.25,3841.0,3947.0,3975.25,4337.5,4727.75,5094.75,5500.0,5326.25,5624.75,5820.75,5660.5,5184.25,4617.5,4080.25,3352.75,2832.5,2235.0
5/16/2020,1590.5,1143.25,803.0,691.0,661.75,995.5,1736.5,2233.75,2736.25,3395.0,4067.75,4683.75,5280.0,5302.25,5653.0,5668.75,5251.5,5236.5,4991.25,4617.0,4029.0,3548.0,3087.75,2460.0
5/17/2020,1759.0,1317.0,901.0,654.0,530.75,676.0,1177.5,1353.0,1664.25,2291.5,2909.25,3655.0,4240.0,4780.25,5011.5,5095.5,4833.5,4129.25,4329.75,3977.75,3465.75,2749.25,2128.0,1591.25
5/18/2020,996.75,707.75,562.5,531.0,834.25,1905.25,3436.25,3929.75,3855.25,3694.75,3796.0,4231.25,4380.5,4931.5,5087.0,5173.25,5155.25,4733.75,3449.5,2842.0,2535.5,2346.75,2021.25,1531.0
5/19/2020,997.25,666.25,559.25,529.25,820.5,1881.5,3567.25,4087.25,4020.75,3900.75,3936.5,4220.5,4513.0,4913.75,5139.0,5247.25,5354.0,5420.0,4780.5,3874.5,3337.25,2761.5,2324.0,1666.75
5/20/2020,1053.25,712.75,568.5,539.75,843.75,1878.5,3566.0,4179.5,4205.0,4085.5,3992.5,4274.75,4644.5,4805.75,5326.0,5488.75,5598.75,5532.0,4812.0,3952.5,3132.75,2560.25,2212.75,1678.25
5/21/2020,1051.5,722.25,620.25,611.5,889.5,1903.0,3651.75,4087.25,4176.25,4051.25,4415.5,4610.25,5007.75,5358.75,5041.5,4951.0,6036.5,5214.25,5190.75,4576.5,3685.25,3159.25,2693.75,2005.0
5/22/2020,1387.0,970.25,725.0,684.0,952.5,1920.0,3523.0,4097.0,4182.0,4376.5,4822.75,5107.75,5522.5,5249.25,5812.75,5970.75,6022.75,5896.25,5481.0,5010.25,4131.25,3647.25,2910.0,2331.0
5/23/2020,1735.5,1228.25,948.25,787.75,762.0,1055.5,1807.5,2440.25,3085.5,3845.0,4500.5,4931.0,5423.5,5471.5,5608.25,5536.5,5433.25,5164.25,5035.0,4578.25,4049.5,3725.75,3222.0,2695.25
5/24/2020,2022.5,1471.75,1060.75,817.25,641.25,767.5,1169.5,1429.0,1718.75,2348.5,2878.5,3707.0,4256.75,4591.0,4817.0,4850.75,4634.25,4440.5,4398.75,3785.5,3280.75,3104.0,2726.25,2169.0
5/25/2020,1534.5,1062.0,766.5,609.25,595.5,873.0,1441.25,1677.25,1911.0,2511.25,3170.75,3788.5,4273.25,4753.0,5053.25,4946.5,4811.25,4431.25,4182.0,3910.25,3359.5,2945.75,2572.5,1957.5
5/26/2020,1339.0,900.25,645.75,591.5,875.0,1985.5,3698.5,4152.5,3894.5,3976.75,4042.25,4342.5,4732.0,5071.25,5327.5,5305.25,5356.75,5387.75,4521.25,3784.25,3108.5,2614.25,2230.75,1731.75
5/27/2020,1097.25,787.0,606.0,605.75,886.25,1983.0,3604.0,3962.25,4122.25,3952.5,3939.25,4161.25,3788.25,4589.0,4931.5,5045.5,5199.5,5371.0,4626.75,3464.25,3100.0,2500.25,2076.5,1637.25
5/28/2020,1094.0,727.0,612.75,582.0,886.0,1910.75,3375.5,3898.75,3819.25,4004.75,4279.25,4512.0,4845.0,5127.75,5417.0,5583.25,5698.25,5537.5,5094.25,4430.5,3624.5,3060.0,2604.0,2005.25
5/29/2020,1339.75,919.5,725.0,692.25,923.0,1934.75,3608.75,4117.0,4181.75,4304.75,4172.25,4636.25,4617.75,5360.75,5500.0,5680.0,5501.5,5617.25,5288.5,4904.75,3885.75,3469.0,2978.25,2433.5
5/30/2020,1838.5,1397.0,1119.25,965.75,881.75,1155.5,2002.25,2453.75,3003.75,3664.5,4263.75,4697.5,5059.0,5368.25,5485.5,5502.25,5420.75,5244.5,4901.25,4486.5,4110.25,3669.75,2792.25,2158.25
5/31/2020,1576.25,1098.25,770.0,609.0,518.0,719.5,1251.75,1593.25,1829.75,2516.5,3049.0,3773.5,4341.5,4840.0,5025.5,5007.5,4832.25,4669.25,4434.75,3914.5,3794.0,2823.75,2071.25,1580.0
6/1/2020,1064.25,689.25,552.25,513.0,869.5,2012.75,3868.5,4356.0,4197.0,4129.75,4203.75,4422.75,4971.0,5241.25,5247.25,4753.25,5081.0,5289.0,4608.0,3902.75,3522.0,2408.0,1811.5,1409.25
6/2/2020,899.0,608.0,510.0,538.25,812.75,1938.5,3846.25,4384.5,4327.25,4078.25,4161.25,4350.25,4708.25,4916.0,5245.5,5355.5,5496.75,5507.0,4845.0,4007.25,3443.5,2520.0,1942.0,1458.75
6/3/2020,961.25,626.5,553.75,560.5,871.75,1993.75,3881.75,4492.0,4419.0,4286.0,4354.25,4629.5,5084.75,5385.5,5295.75,5569.25,5642.5,5626.75,4962.25,4220.5,3630.0,2750.0,2102.5,1577.0
6/4/2020,1066.0,716.5,609.5,613.5,884.75,2027.0,3788.0,4448.25,4500.75,4325.25,4533.5,4841.25,4897.25,5407.75,5512.5,5692.25,5731.0,5765.0,5257.75,4464.25,3773.0,2888.0,2233.5,1689.75
6/5/2020,1103.25,787.25,671.25,755.0,986.25,1875.0,3623.0,4242.5,4466.5,4594.5,4620.75,4847.25,5386.0,5086.25,5584.0,5858.5,5802.0,5943.0,5377.0,4999.5,3789.25,3053.0,2618.75,2076.0
6/6/2020,1477.75,1113.25,910.25,804.75,753.0,1118.75,2048.0,2623.75,3234.75,4009.75,4744.5,5154.5,5582.25,5772.25,5897.0,5890.75,5603.5,5500.5,5468.25,4789.0,4076.5,3692.75,3232.25,2694.5
6/7/2020,2085.0,1544.5,1104.75,914.75,718.25,870.0,1360.75,1604.25,1981.5,2632.25,3458.75,4188.5,4707.5,5133.75,5439.25,5403.25,5055.75,5000.5,4812.5,4409.75,3654.0,3227.25,2671.75,1993.75
6/8/2020,1359.5,936.0,715.5,682.5,952.25,2135.75,3923.75,4448.0,4365.5,4210.25,4282.5,4528.0,4933.5,5100.25,5451.5,5455.75,5525.5,5666.75,4955.75,4076.75,3340.75,2797.75,2336.75,1761.5
6/9/2020,1172.75,792.25,634.0,633.5,944.5,2132.25,3938.5,4365.75,4418.75,4314.25,4320.25,4562.0,4765.0,5014.5,5547.25,5499.25,5668.25,5440.25,4950.5,4050.5,3195.0,2761.5,2350.0,1807.0
6/10/2020,1191.25,824.0,636.75,676.5,962.25,2055.25,3715.75,4309.75,4326.25,4204.5,4326.75,4589.25,4674.25,4526.0,4910.5,5372.25,5313.75,5371.0,4816.0,3915.25,3448.25,2897.5,2541.0,1994.5
6/11/2020,1320.5,916.0,736.5,697.5,999.25,2126.25,3975.5,4605.25,4578.25,4491.5,4688.25,4842.5,5269.0,5496.0,5760.5,5842.25,5843.25,5845.5,5615.0,4786.75,4017.5,3327.25,2864.5,2213.75
6/12/2020,1518.0,1070.0,860.75,839.0,1039.0,2119.75,3813.75,4273.75,4360.5,4665.0,5073.0,5194.0,5643.5,5742.25,5654.75,5924.75,6002.0,5844.75,5762.25,5600.25,4657.25,3650.25,3244.75,2610.0
6/13/2020,2084.75,1564.75,1243.75,1083.75,995.0,1334.25,2128.0,2743.25,3345.0,4164.0,4650.75,5119.25,5340.0,5574.5,5555.5,5547.75,5385.5,5185.75,5337.75,5089.5,4594.0,3697.5,3148.75,2827.0
6/14/2020,1896.0,1497.0,1087.6666666666667,841.3333333333334,621.3333333333334,673.3333333333334,1104.6666666666667,1180.6666666666667,1484.0,2111.0,2678.3333333333335,3302.3333333333335,3879.6666666666665,4268.333333333333,4230.666666666667,4110.666666666667,3846.3333333333335,4127.0,3756.6666666666665,3269.3333333333335,2785.6666666666665,2433.0,2082.0,1664.6666666666667
6/15/2020,1142.6666666666667,765.3333333333334,559.0,585.6666666666666,841.0,1681.3333333333333,3385.6666666666665,3844.0,3884.3333333333335,3679.0,3501.0,3683.0,3789.6666666666665,3970.6666666666665,4122.666666666667,4407.0,4420.0,4465.333333333333,3776.0,3246.6666666666665,2704.6666666666665,2326.0,1868.6666666666667,1457.3333333333333
6/16/2020,1003.3333333333334,671.6666666666666,560.6666666666666,546.6666666666666,857.6666666666666,1898.3333333333333,3502.0,4042.0,3966.0,3696.3333333333335,3603.0,3773.3333333333335,4091.0,4223.666666666667,4473.666666666667,4804.333333333333,4792.666666666667,4886.0,4396.666666666667,3555.0,3037.3333333333335,2654.0,2164.0,1612.6666666666667
6/17/2020,1057.0,703.3333333333334,590.3333333333334,585.3333333333334,866.0,1875.3333333333333,3573.0,4051.0,3979.0,3759.6666666666665,3570.0,3967.0,4213.666666666667,4363.666666666667,4757.0,4778.666666666667,4959.666666666667,4957.333333333333,4542.0,3734.6666666666665,3132.6666666666665,2747.3333333333335,2365.3333333333335,1739.3333333333333
6/18/2020,1359.75,966.0,775.75,726.0,979.0,2062.0,3662.0,4743.25,4854.0,4660.25,4668.25,4806.25,5472.25,5575.0,5783.5,5783.0,5862.25,5917.25,5672.25,4863.0,4121.5,3519.25,2997.25,2303.0
6/19/2020,1611.5,1110.75,930.75,866.0,1109.5,2136.75,3837.25,4578.5,4824.75,4866.25,5121.75,5542.75,5622.25,5289.25,5611.5,5945.0,5690.75,6014.0,6093.75,5248.75,5056.25,4348.5,3872.75,3466.25
6/20/2020,2430.75,1836.5,1409.75,1252.5,1073.75,1399.25,2168.75,2873.0,3489.0,4194.25,4816.0,5317.5,5648.75,5746.5,5834.75,5741.75,5591.75,5388.0,5064.25,5090.75,4630.75,4308.75,3926.75,3307.5
6/21/2020,2539.25,1833.25,1459.5,1264.75,896.5,999.5,1458.0,1737.0,2153.75,2919.0,3673.0,4478.75,4821.5,5091.0,5341.0,5418.5,5123.75,5198.5,4991.0,4319.5,3854.0,3600.0,3001.5,2196.75
6/22/2020,1573.5,1014.25,725.0,730.5,1087.25,2229.0,4037.5,4706.5,4742.75,4541.25,4326.75,4832.5,5130.5,5222.0,5508.0,5430.5,5390.75,5248.75,4808.25,4204.0,3356.5,2853.5,2483.5,1836.5
6/23/2020,1213.25,828.5,669.25,631.75,988.25,2161.75,3882.5,4622.5,4649.0,4461.25,4472.25,4794.0,5062.5,5252.25,5425.0,5578.25,5495.25,5588.0,5110.0,4199.5,3626.5,3166.75,2652.5,2014.0
6/24/2020,1321.0,909.5,743.75,730.75,1024.0,2192.75,3974.75,4640.0,4860.75,4531.0,4849.25,4947.75,5288.25,5123.0,5564.5,5783.25,5809.25,5699.0,5104.75,4501.0,3478.0,3011.75,2426.0,1961.0
6/25/2020,1243.5,835.5,738.0,701.5,979.75,2165.25,3897.75,4617.25,4696.25,4600.75,4778.5,4987.0,5290.75,5367.25,5788.0,5758.5,5593.0,5713.75,5608.5,4752.25,3880.25,3428.25,2982.25,2290.5
6/26/2020,1553.5,1104.25,867.25,871.25,1092.25,2159.75,3906.25,4674.75,4912.25,4752.5,4997.25,5497.25,5455.0,5193.75,5893.75,5985.0,5983.75,5983.75,5660.25,5439.5,4862.0,4194.75,3702.5,3003.5
6/27/2020,2251.25,1664.5,1340.75,1240.75,1016.5,1435.25,2260.25,2809.0,3430.5,4133.75,4781.75,5419.75,5632.5,5753.5,5932.5,5824.0,5102.75,4935.75,4809.25,4492.5,3683.75,3882.0,3441.75,2898.5
6/28/2020,2220.0,1711.0,1318.0,1248.5,914.0,1024.5,1476.75,1784.5,2256.75,3004.0,3695.25,4504.5,5115.0,5382.75,5369.0,5642.5,5432.25,5315.5,5201.75,4597.5,4003.5,3720.5,3014.25,2261.75
6/29/2020,1627.75,1103.0,781.0,732.75,1053.25,2241.5,4062.25,4577.0,4628.0,4537.0,4611.25,4958.75,5161.5,5293.0,5623.0,5648.75,5771.5,5754.75,5151.0,4611.75,3714.0,2938.5,2571.0,1905.75
6/30/2020,1297.75,900.25,692.75,694.0,975.5,2180.75,3945.25,4712.5,4806.0,4578.5,4738.75,4932.5,5434.0,4499.0,5203.0,5723.5,5344.25,4492.5,5154.5,4286.5,3451.5,2954.25,2562.5,1945.0
7/1/2020,1327.0,908.25,745.5,766.0,1054.5,2249.5,3981.75,4707.75,4859.75,4834.0,5100.75,5235.0,5392.25,5141.5,5467.25,5740.0,5517.0,5698.5,5377.5,4826.25,4026.75,3541.0,2977.25,2255.75
7/2/2020,1521.5,1065.0,836.75,829.0,1140.25,2261.75,4026.75,4466.75,4811.0,4904.75,5162.25,5540.0,5615.75,5820.25,5924.0,5807.25,5012.25,5810.75,5535.75,5384.0,4726.75,3938.25,3396.0,2668.25
7/3/2020,1909.0,1351.75,1112.0,1042.0,1117.75,1567.0,2557.75,3118.25,3739.0,4485.0,5168.5,5476.25,5784.0,5784.5,5872.75,5910.0,5668.75,5615.5,5495.0,5302.5,4684.0,4218.25,3753.25,3263.5
7/4/2020,2365.5,1662.5,1370.25,1201.0,1066.0,1089.75,1563.5,1881.25,2328.0,3075.0,3674.0,4211.75,4690.25,4962.0,4755.5,4707.25,4799.75,4677.5,4551.5,4220.0,3901.0,3674.75,3788.5,3670.25
7/5/2020,2793.75,1993.5,1518.25,1374.5,1043.25,1036.75,1457.0,1663.75,1987.0,2662.75,3441.5,4232.75,4913.75,5436.75,5596.5,5593.25,5535.5,5250.25,5305.75,4766.25,4352.5,3673.5,3080.0,2339.0
7/6/2020,1661.0,1181.5,863.5,870.5,1109.25,2165.5,3776.25,4450.0,4641.75,4488.5,4593.0,4807.25,5264.5,5459.25,5653.75,5421.0,5817.25,5456.0,4738.25,3900.25,3268.75,2646.0,2481.25,1856.75
7/7/2020,1309.5,863.75,674.75,692.5,986.75,2107.75,3732.25,4531.25,4496.5,4475.75,4432.0,4731.75,5151.25,5073.25,5487.25,5635.5,5543.75,5668.25,5049.75,4411.0,3654.25,3161.75,2708.75,2017.75
7/8/2020,1297.5,915.5,730.25,726.75,1028.5,2137.25,3764.5,4582.75,4572.5,4407.75,4613.75,4919.0,5116.75,5633.75,5305.0,5689.0,5653.5,5754.0,5458.0,4658.0,3732.25,3224.0,2855.5,2116.5
7/9/2020,1456.75,970.5,790.25,773.25,1078.75,2147.0,3915.5,4649.75,4712.25,4616.5,4596.25,5081.0,5488.75,5578.0,5552.5,5474.75,5687.25,5844.5,5516.75,4693.75,3832.5,3259.5,2929.25,2202.25
7/10/2020,1393.5,987.25,814.75,858.75,1087.75,1650.75,3649.5,4523.5,4712.0,4728.5,5041.25,5345.0,5751.5,5899.75,5958.25,6013.75,6092.25,5801.75,5625.75,5454.5,4904.75,4240.0,3669.25,2983.25
7/11/2020,2245.75,1662.5,1379.0,1164.75,1062.5,1345.0,2244.0,2830.25,3418.5,4067.0,4176.5,4549.75,5466.25,5616.5,5464.75,5517.5,5342.0,5294.5,5108.5,4996.25,4744.25,4100.5,3735.25,3185.25
7/12/2020,2562.5,1801.5,1497.25,1265.5,941.0,1017.0,1487.5,1774.25,2136.0,2896.0,3633.5,4328.5,4795.75,5232.0,5334.75,5314.25,5223.25,5049.25,4963.25,4273.25,3701.0,3253.5,2836.5,2184.25
7/13/2020,1608.25,1007.0,757.0,700.75,1061.75,2166.5,4022.5,4587.25,4645.5,4449.5,4523.25,4671.5,5189.5,5311.75,5441.0,5632.0,5623.5,5660.25,4829.75,4385.5,3547.0,3112.25,2687.0,1978.0
7/14/2020,1346.5,922.25,678.0,683.0,1005.5,2059.25,3890.25,4673.75,4555.75,4514.25,4451.5,4839.0,5206.5,5291.5,5747.0,5618.0,5787.75,5710.25,5216.25,4532.25,3742.25,3267.25,2591.75,2071.75
7/15/2020,1402.25,964.25,761.5,736.5,1020.75,2131.0,3954.5,4753.0,4804.75,4734.5,4702.5,5055.75,5417.0,5174.5,5249.75,5448.5,5693.75,5927.25,5269.75,4299.5,3547.75,3033.25,2651.25,2120.25
7/16/2020,1425.25,981.25,766.75,766.0,1060.25,2171.25,3957.0,4703.0,4818.75,4652.75,4755.25,4819.0,5509.0,5701.25,5717.0,5531.0,5622.75,5921.25,5701.5,4976.0,4148.75,3545.75,3129.25,2349.5
7/17/2020,1668.0,1156.5,895.75,910.25,1135.0,2171.75,3761.5,4553.5,4784.5,4721.25,4936.0,5395.0,5420.75,5576.25,5853.25,5809.75,5784.5,6020.25,5699.5,5650.0,5119.0,4144.5,3340.75,2843.75
7/18/2020,2274.0,1689.6666666666667,1432.3333333333333,1330.3333333333333,1149.3333333333333,1443.0,2292.0,3006.0,3582.6666666666665,4273.0,4769.666666666667,5252.333333333333,5563.333333333333,5654.666666666667,5088.333333333333,5199.666666666667,4741.666666666667,5565.0,3375.0,4690.333333333333,4455.0,4004.0,3598.6666666666665,3180.0
7/19/2020,2421.25,1766.25,1388.5,1298.0,954.5,1056.75,1508.0,1829.25,2222.75,2943.75,3640.75,4451.25,5143.0,5605.5,5715.25,5794.25,5527.5,5357.75,5401.25,4816.5,4370.75,3734.5,3078.0,2370.25
7/20/2020,1669.0,1066.5,791.5,776.5,1084.75,2222.75,3987.25,4716.0,4736.25,4516.5,4612.25,4769.25,5209.5,5450.75,5534.5,5583.0,5617.0,5756.5,5087.75,4375.75,3631.75,3232.0,2566.25,1954.25
7/21/2020,1342.75,922.0,709.5,710.0,987.75,2144.75,3846.25,4639.5,4753.25,4485.25,4628.5,4613.25,5113.75,5271.0,5570.75,5641.5,5609.25,5562.0,5227.75,4088.0,3401.0,2851.5,2462.25,2011.0
7/22/2020,1331.5,913.75,745.5,751.5,1044.5,2160.0,3888.5,4684.75,4741.75,4517.75,4604.0,4841.5,5313.5,5574.0,5601.25,5647.25,5785.5,5892.5,5504.5,4748.25,3927.5,3122.5,2732.0,2195.75
7/23/2020,1477.75,994.75,808.0,789.0,1080.25,2211.75,3951.0,4670.5,4760.5,4720.0,4902.5,4764.75,5282.25,5445.5,5509.5,5826.75,5588.75,5993.0,5467.5,4642.75,4139.0,3471.0,3010.5,2376.25
7/24/2020,1658.25,1147.5,951.5,913.5,1081.0,2144.0,3814.75,4613.0,4789.5,4791.5,5087.25,5433.0,5833.25,5906.0,6105.75,5923.25,5948.0,5890.75,5774.75,5650.5,4949.0,4274.75,3589.0,3060.75
7/25/2020,1996.6666666666667,1679.3333333333333,1373.0,1286.6666666666667,1109.3333333333333,1403.3333333333333,2234.6666666666665,2857.0,3454.6666666666665,4107.0,4444.666666666667,4520.666666666667,4653.666666666667,4849.333333333333,5326.333333333333,4894.666666666667,5199.666666666667,4917.333333333333,4917.0,4907.333333333333,4236.333333333333,3732.6666666666665,3297.3333333333335,2964.0
7/26/2020,2363.3333333333335,1736.6666666666667,1413.0,1370.0,1000.3333333333334,1056.6666666666667,1488.3333333333333,1855.3333333333333,2249.3333333333335,3016.3333333333335,3646.6666666666665,4461.0,4915.666666666667,5276.0,5304.666666666667,5216.0,5179.0,5108.333333333333,5064.0,4569.666666666667,3981.0,3581.3333333333335,2975.0,2244.3333333333335
7/27/2020,1680.6666666666667,1059.0,822.6666666666666,796.3333333333334,1061.6666666666667,2148.3333333333335,3873.6666666666665,4476.666666666667,4518.0,4369.333333333333,4450.666666666667,4753.0,5048.333333333333,5310.666666666667,5414.0,5526.333333333333,5644.0,5800.0,5239.333333333333,4478.0,3681.3333333333335,3169.3333333333335,2565.0,2001.3333333333333
7/28/2020,1367.6666666666667,904.6666666666666,729.0,702.6666666666666,955.6666666666666,1810.6666666666667,3811.0,4443.0,4379.666666666667,4182.666666666667,4483.333333333333,4593.333333333333,4986.0,5220.666666666667,5287.666666666667,5239.666666666667,5312.333333333333,4902.333333333333,4904.333333333333,4388.666666666667,3745.3333333333335,3076.0,2663.6666666666665,2174.6666666666665
7/29/2020,1469.0,1005.3333333333334,784.6666666666666,792.6666666666666,1049.0,2064.6666666666665,3655.0,4451.666666666667,4627.0,4404.0,4441.333333333333,3904.6666666666665,4014.0,5051.333333333333,5208.666666666667,5533.333333333333,5652.333333333333,5804.333333333333,5373.0,4736.0,3913.3333333333335,2815.0,2932.3333333333335,2057.6666666666665
7/30/2020,1414.25,1009.25,815.25,808.25,1086.5,2160.25,3977.5,4772.5,4727.5,4675.75,4762.5,4971.5,5287.75,5442.0,5738.75,5634.0,5543.25,5629.0,5431.25,4945.0,4012.75,3541.0,3131.5,2426.25
7/31/2020,1679.25,1175.25,958.0,932.75,1156.0,2169.25,3852.0,4724.25,4725.0,4851.5,5380.5,5486.75,5702.25,5796.25,5720.25,5752.5,6113.25,6085.0,5860.5,5546.75,5112.5,4361.25,3816.25,3263.5
8/1/2020,2405.25,1716.75,1401.5,1276.25,1127.25,1468.0,2229.25,2812.0,3492.0,4261.0,4881.75,5365.75,5576.5,5612.75,6006.0,5754.5,5655.5,5515.25,5394.0,5252.25,4583.0,4371.75,3932.5,3393.5
8/2/2020,2615.75,1942.5,1539.25,1390.75,1046.0,1065.0,1479.0,1792.0,2280.25,2980.75,3810.0,4661.75,4926.5,5102.0,5253.25,5528.25,5432.5,5234.75,4558.75,4376.0,4308.0,3753.0,3092.5,2378.5
8/3/2020,1697.25,1083.25,821.75,756.75,1121.75,2296.75,4020.25,4789.0,4837.25,4623.75,4746.5,4905.75,5342.0,5354.25,4926.5,5345.75,5446.75,5175.5,5199.0,4372.0,3701.5,3214.0,2691.5,1976.5
8/4/2020,1383.75,910.25,709.5,703.0,1025.25,2189.75,3984.75,4738.75,4769.5,4480.75,4639.0,4808.25,5204.75,5123.25,5553.0,5880.0,5893.0,5868.75,5368.5,4678.75,3981.5,3409.0,2808.25,2072.5
8/5/2020,1451.5,952.5,762.75,748.0,1085.5,2233.5,4018.25,4868.0,4918.5,4633.75,4729.75,4876.0,5253.25,5515.5,5413.75,5225.75,5794.0,5941.75,5498.75,4856.5,3961.0,3454.5,2794.5,2163.5
8/6/2020,1492.75,952.75,799.25,754.25,1113.0,2271.0,4024.25,4950.0,4905.75,4719.75,4863.5,4993.0,5338.0,5500.75,5757.75,5818.0,5592.0,5669.25,5215.5,4893.25,4173.25,3657.0,3054.75,2330.75
8/7/2020,1606.25,1121.75,935.25,897.75,1134.5,2168.0,3936.75,4735.0,4889.5,4901.0,5209.0,5440.75,5532.0,5846.5,5886.0,6022.0,5967.25,5734.5,5539.5,5389.25,5002.25,4287.25,3464.5,2889.75
8/8/2020,2112.25,1665.5,1313.25,1300.75,1121.0,1380.75,2220.75,2742.25,3419.25,4027.25,4576.75,5026.25,5281.5,5606.25,5616.25,5518.5,5415.75,4820.75,5129.0,4865.75,4777.75,4235.25,3790.0,3308.25
8/9/2020,2510.25,1951.25,1487.5,1300.0,984.5,1077.75,1525.0,1794.5,2263.75,3029.25,3798.75,4384.25,4809.25,5222.5,5224.75,5349.25,5128.25,5026.25,4979.75,4512.75,3950.5,3576.0,3011.25,2289.25
8/10/2020,1641.0,1111.5,820.75,778.5,1101.0,2306.5,4052.5,4892.5,4844.0,4450.0,4618.25,4820.5,5193.75,5194.0,5459.75,4977.75,5513.5,5263.5,4797.25,4098.75,3493.5,2980.0,2474.0,1896.5
8/11/2020,1288.25,870.5,695.5,728.5,1044.25,2265.25,4057.75,4945.75,4896.0,4372.25,4451.75,4562.0,4966.0,5337.25,5415.75,5573.5,5617.0,5859.5,5301.0,4595.5,4030.0,3418.25,2800.0,2109.0
8/12/2020,1440.5,964.5,744.25,769.0,1061.75,2247.5,4000.5,4934.25,5129.0,4689.25,4726.25,4866.0,5290.25,5470.0,5658.0,5809.25,5648.5,5851.75,5471.0,4623.0,3886.75,3337.25,2742.0,2114.75
8/13/2020,1429.25,966.0,790.75,793.0,1104.0,2281.75,4057.0,4943.75,5103.0,4881.75,4956.25,4976.5,5454.5,5597.25,5675.0,5547.75,5717.75,5842.25,5699.25,5176.25,4371.5,3625.25,2763.75,2160.0
8/14/2020,1553.0,986.25,715.5,744.0,1076.75,2167.25,3859.0,4791.5,5050.5,4908.25,5193.25,5483.5,5694.0,5802.25,5865.25,5776.25,5335.75,5722.75,5821.0,5490.25,4783.0,3803.25,3475.0,2994.75
8/15/2020,2267.5,1581.0,1356.25,1291.5,1115.25,1405.75,2112.0,2699.75,3371.25,4179.25,4877.5,5208.5,5045.5,5604.0,5564.0,5415.0,5471.5,5056.0,5101.75,4991.0,4424.0,4070.75,3740.25,3135.5
8/16/2020,2502.25,1970.0,1480.25,1394.25,1017.5,1072.75,1465.5,1808.0,2245.25,3079.25,3896.75,4780.75,5390.0,5639.0,5703.5,5604.0,5516.25,5422.5,5526.75,5011.5,4529.25,3859.5,3129.25,2286.0
8/17/2020,1607.0,1082.0,807.0,765.0,1125.5,2338.5,4166.0,4903.75,4842.75,4433.25,4566.25,4705.0,4685.0,4978.75,5563.0,5710.0,5706.0,5786.75,5125.75,4600.25,3721.5,3183.5,2565.0,1946.25
8/18/2020,1348.5,898.0,726.75,702.75,1057.75,2249.5,4041.25,4897.25,4939.0,4482.0,4488.25,4660.75,5063.5,5352.25,5286.5,5621.5,5568.0,5810.75,5218.75,4635.75,3947.25,3248.25,2570.75,1970.5
8/19/2020,1377.75,960.0,775.75,741.75,1082.0,2245.0,4129.5,4976.5,5016.75,4660.25,4721.0,4892.25,5138.75,4992.0,5624.0,5734.0,5889.25,5903.5,5033.0,4344.75,3419.75,2735.25,2394.0,1870.5
8/20/2020,1300.5,876.75,751.25,749.5,1065.0,2328.75,4106.0,4953.5,5002.25,4521.25,4380.5,4613.75,5217.25,5466.5,5681.25,5744.0,5774.0,5876.5,4990.0,4391.5,3050.0,3109.25,2728.25,2096.25
8/21/2020,1458.25,1003.75,851.5,875.5,1116.75,2132.75,3799.25,4637.5,4664.0,4547.0,4905.75,4947.25,5124.25,5608.75,5814.0,6071.25,5808.0,6032.5,5034.5,4861.0,4442.0,3701.5,3363.0,2645.75
8/22/2020,2299.75,1613.0,1322.5,1039.75,991.5,1318.0,2007.75,2658.5,3226.5,3936.25,4529.5,5119.0,5436.75,5692.75,5839.25,5733.25,5462.25,5413.0,5278.25,5134.25,4786.75,3892.0,3659.25,3204.75
8/23/2020,2623.0,1920.25,1527.5,1378.75,1014.0,1016.5,1463.75,1686.25,2034.0,2764.5,3691.75,4374.25,4866.25,5352.25,5309.0,5376.5,4944.0,4661.0,4689.75,4531.25,4137.0,3569.5,2875.25,2147.5
8/24/2020,1533.5,1027.75,762.25,740.25,1096.5,2248.25,3701.75,4612.0,4699.5,3744.5,4303.0,4427.5,4808.25,5124.5,5376.0,5356.25,5603.5,5656.5,5126.0,3960.75,3166.5,2637.25,2322.0,1768.5
8/25/2020,1193.5,814.75,652.0,683.25,1018.0,2170.5,3192.75,4399.5,4570.75,4193.0,3954.5,4237.0,4172.0,4660.0,4955.0,5165.75,5224.0,5297.75,4399.5,3914.0,3263.0,2747.0,2447.0,1851.75
8/26/2020,1259.0,788.0,684.0,720.5,1033.0,2252.25,4076.5,4876.75,4966.5,4581.25,4347.0,4683.25,5047.0,5257.5,5654.5,5720.75,5567.75,5755.25,5197.5,4812.75,3913.0,3270.25,2706.75,2047.0
8/27/2020,1462.25,942.75,790.5,806.25,1101.0,2316.75,4079.25,5041.25,5086.0,4600.75,4591.75,4899.75,5299.75,5373.75,5581.25,5702.75,5908.5,5884.5,5683.0,5043.5,4332.75,3526.75,2917.5,2215.0
8/28/2020,1532.25,1051.75,892.75,918.75,1127.5,2247.5,3925.25,4768.25,5007.75,4717.0,4929.75,5297.75,5573.75,5498.0,5790.75,6007.25,6082.5,6071.25,5762.5,5456.25,4852.75,4224.5,3719.25,3064.5
8/29/2020,2304.5,1668.0,1381.75,1272.0,1106.5,1378.5,2046.0,2563.75,3174.75,3869.0,4666.75,5193.5,5440.0,5623.75,5530.25,5574.0,5488.75,5514.0,5051.25,5089.75,4940.5,4435.0,3859.75,3329.0
8/30/2020,2713.25,1937.75,1609.0,1434.0,1039.75,1068.5,1407.75,1666.25,2115.75,2821.5,3620.0,4400.75,5018.0,5365.75,5493.25,5302.0,5381.75,5385.5,5145.5,4369.5,3755.25,3072.25,2702.5,2011.5
